"param","estimate"
"gamma_p",1.20012859816248
"gamma_o",10.0951656282683
"lambda",1.3501494005906
"beta_choice",8
